{
    "logistic": {
        "accuracy": 0.31863035190817635,
        "roc_auc": 0.6685734181194466,
        "classification_report": {
            "0": {
                "precision": 0.024271844660194174,
                "recall": 0.08888888888888889,
                "f1-score": 0.03813155386081983,
                "support": 225.0
            },
            "1": {
                "precision": 0.19419545096207189,
                "recall": 0.5394160583941606,
                "f1-score": 0.28557933832843124,
                "support": 12330.0
            },
            "2": {
                "precision": 0.7329788463761415,
                "recall": 0.17059456550981975,
                "f1-score": 0.27677265882455643,
                "support": 37170.0
            },
            "3": {
                "precision": 0.40866273439563344,
                "recall": 0.37773618683375376,
                "f1-score": 0.3925913396481732,
                "support": 12289.0
            },
            "4": {
                "precision": 0.025093632958801498,
                "recall": 0.13137254901960785,
                "f1-score": 0.04213836477987421,
                "support": 510.0
            },
            "5": {
                "precision": 0.36430104641803057,
                "recall": 0.5357600868106935,
                "f1-score": 0.43369934118586545,
                "support": 10137.0
            },
            "accuracy": 0.31863035190817635,
            "macro avg": {
                "precision": 0.29158392596181215,
                "recall": 0.30729472257615403,
                "f1-score": 0.24481876610462008,
                "support": 72661.0
            },
            "weighted avg": {
                "precision": 0.528102952045094,
                "recall": 0.31863035190817635,
                "f1-score": 0.31736238601577543,
                "support": 72661.0
            }
        },
        "confusion_matrix": [
            [
                20,
                80,
                16,
                42,
                19,
                48
            ],
            [
                181,
                6651,
                1220,
                2454,
                251,
                1573
            ],
            [
                288,
                22378,
                6341,
                2196,
                1381,
                4586
            ],
            [
                180,
                3175,
                661,
                4642,
                482,
                3149
            ],
            [
                25,
                238,
                40,
                19,
                67,
                121
            ],
            [
                130,
                1727,
                373,
                2006,
                470,
                5431
            ]
        ]
    },
    "rf": {
        "accuracy": 0.41902808934641694,
        "roc_auc": 0.7307973757059075,
        "classification_report": {
            "0": {
                "precision": 0.027777777777777776,
                "recall": 0.0044444444444444444,
                "f1-score": 0.007662835249042145,
                "support": 225.0
            },
            "1": {
                "precision": 0.3248349076318649,
                "recall": 0.6303325223033253,
                "f1-score": 0.4287290379523389,
                "support": 12330.0
            },
            "2": {
                "precision": 0.8399234693877551,
                "recall": 0.141727199354318,
                "f1-score": 0.24253027024538465,
                "support": 37170.0
            },
            "3": {
                "precision": 0.39192859914629413,
                "recall": 0.739685897957523,
                "f1-score": 0.5123724705484471,
                "support": 12289.0
            },
            "4": {
                "precision": 0.09090909090909091,
                "recall": 0.01568627450980392,
                "f1-score": 0.026755852842809364,
                "support": 510.0
            },
            "5": {
                "precision": 0.4339287579651102,
                "recall": 0.8195718654434251,
                "f1-score": 0.5674282006625004,
                "support": 10137.0
            },
            "accuracy": 0.41902808934641694,
            "macro avg": {
                "precision": 0.3515504338029822,
                "recall": 0.39190803400213997,
                "f1-score": 0.2975797779167538,
                "support": 72661.0
            },
            "weighted avg": {
                "precision": 0.6123357754367339,
                "recall": 0.41902808934641694,
                "f1-score": 0.3628495859751419,
                "support": 72661.0
            }
        },
        "confusion_matrix": [
            [
                1,
                49,
                2,
                80,
                3,
                90
            ],
            [
                1,
                7772,
                900,
                2446,
                4,
                1207
            ],
            [
                4,
                14174,
                5268,
                10262,
                58,
                7404
            ],
            [
                26,
                1228,
                68,
                9090,
                10,
                1867
            ],
            [
                4,
                149,
                2,
                77,
                8,
                270
            ],
            [
                0,
                554,
                32,
                1238,
                5,
                8308
            ]
        ]
    },
    "xgb": {
        "accuracy": 0.3671845969639834,
        "roc_auc": 0.7367930719546281,
        "classification_report": {
            "0": {
                "precision": 0.012048192771084338,
                "recall": 0.0044444444444444444,
                "f1-score": 0.006493506493506494,
                "support": 225.0
            },
            "1": {
                "precision": 0.2756294775650425,
                "recall": 0.5335766423357664,
                "f1-score": 0.3634907041630984,
                "support": 12330.0
            },
            "2": {
                "precision": 0.8269370021723389,
                "recall": 0.15361850955071293,
                "f1-score": 0.259103800340329,
                "support": 37170.0
            },
            "3": {
                "precision": 0.3069794381697075,
                "recall": 0.6037920091138417,
                "f1-score": 0.4070213933077345,
                "support": 12289.0
            },
            "4": {
                "precision": 0.07947019867549669,
                "recall": 0.023529411764705882,
                "f1-score": 0.036308623298033284,
                "support": 510.0
            },
            "5": {
                "precision": 0.3980093810776799,
                "recall": 0.6863963697346355,
                "f1-score": 0.5038560411311054,
                "support": 10137.0
            },
            "accuracy": 0.3671845969639834,
            "macro avg": {
                "precision": 0.31651228173855833,
                "recall": 0.3342262311573512,
                "f1-score": 0.2627123447889678,
                "support": 72661.0
            },
            "weighted avg": {
                "precision": 0.5778353158568253,
                "recall": 0.3671845969639834,
                "f1-score": 0.33363402195302616,
                "support": 72661.0
            }
        },