{
    "logistic": {
        "accuracy": 0.8060741153524659,
        "roc_auc": 0.8614304720460204,
        "classification_report": {
            "0": {
                "precision": 0.7179294823705926,
                "recall": 0.7494126859827721,
                "f1-score": 0.7333333333333333,
                "support": 1277.0
            },
            "1": {
                "precision": 0.8581560283687943,
                "recall": 0.8373702422145328,
                "f1-score": 0.8476357267950964,
                "support": 2312.0
            },
            "accuracy": 0.8060741153524659,
            "macro avg": {
                "precision": 0.7880427553696935,
                "recall": 0.7933914640986525,
                "f1-score": 0.7904845300642148,
                "support": 3589.0
            },
            "weighted avg": {
                "precision": 0.8082621026959876,
                "recall": 0.8060741153524659,
                "f1-score": 0.8069658587397407,
                "support": 3589.0
            }
        },
        "confusion_matrix": [
            [
                957,
                320
            ],
            [
                376,
                1936
            ]
        ]
    },
    "svm": {
        "accuracy": 0.865422123154082,
        "roc_auc": 0.920328855205079,
        "classification_report": {
            "0": {
                "precision": 0.8602540834845736,
                "recall": 0.7423649177760376,
                "f1-score": 0.7969735182849937,
                "support": 1277.0
            },
            "1": {
                "precision": 0.8677121029352634,
                "recall": 0.9333910034602076,
                "f1-score": 0.8993540320900187,
                "support": 2312.0
            },
            "accuracy": 0.865422123154082,
            "macro avg": {
                "precision": 0.8639830932099184,
                "recall": 0.8378779606181226,
                "f1-score": 0.8481637751875062,
                "support": 3589.0
            },
            "weighted avg": {
                "precision": 0.8650584693775786,
                "recall": 0.865422123154082,
                "f1-score": 0.8629260810928002,
                "support": 3589.0
            }
        },
        "confusion_matrix": [
            [
                948,
                329
            ],
            [
                154,
                2158
            ]
        ]
    },
    "rf": {
        "accuracy": 0.8230704931735859,
        "roc_auc": 0.8582872920691609,
        "classification_report": {
            "0": {
                "precision": 0.8481561822125814,
                "recall": 0.6123727486296007,
                "f1-score": 0.7112323783537972,
                "support": 1277.0
            },
            "1": {
                "precision": 0.8143982002249719,
                "recall": 0.9394463667820069,
                "f1-score": 0.8724643502711388,
                "support": 2312.0
            },
            "accuracy": 0.8230704931735859,
            "macro avg": {
                "precision": 0.8312771912187766,
                "recall": 0.7759095577058037,
                "f1-score": 0.791848364312468,
                "support": 3589.0
            },
            "weighted avg": {
                "precision": 0.8264096081375317,
                "recall": 0.8230704931735859,
                "f1-score": 0.8150964962342356,
                "support": 3589.0
            }
        },
        "confusion_matrix": [
            [
                782,
                495
            ],
            [
                140,
                2172
            ]
        ]
    },
    "xgb": {
        "accuracy": 0.844246308163834,
        "roc_auc": 0.8911894091092607,
        "classification_report": {
            "0": {
                "precision": 0.8419047619047619,
                "recall": 0.692247454972592,
                "f1-score": 0.7597765363128491,
                "support": 1277.0
            },
            "1": {
                "precision": 0.8452146514375738,
                "recall": 0.9282006920415224,
                "f1-score": 0.8847660276231705,
                "support": 2312.0
            },
            "accuracy": 0.844246308163834,
            "macro avg": {
                "precision": 0.8435597066711679,
                "recall": 0.8102240735070572,
                "f1-score": 0.8222712819680098,
                "support": 3589.0
            },
            "weighted avg": {
                "precision": 0.8440369615703681,
                "recall": 0.844246308163834,
                "f1-score": 0.8402935895057895,
                "support": 3589.0
            }
        },
        "confusion_matrix": [
            [
                884,
                393
            ],
            [
                166,
                2146
            ]
        ]
    },
    "mlp": {
        "accuracy": 0.8445249373084425,
        "roc_auc": 0.8993217098899073,
        "classification_report": {
            "0": {
                "precision": 0.793469387755102,
                "recall": 0.7611589663273297,
                "f1-score": 0.7769784172661871,
                "support": 1277.0
            },
            "1": {
                "precision": 0.8709813874788495,
                "recall": 0.8905709342560554,
                "f1-score": 0.8806672369546621,
                "support": 2312.0
            },
            "accuracy": 0.8445249373084425,
            "macro avg": {
                "precision": 0.8322253876169757,
                "recall": 0.8258649502916926,
                "f1-score": 0.8288228271104245,
                "support": 3589.0
            },
            "weighted avg": {
                "precision": 0.8434018879950865,
                "recall": 0.8445249373084425,
                "f1-score": 0.8437737784029256,
                "support": 3589.0
            }
        },
        "confusion_matrix": [
            [
                972,
                305
            ],
            [
                253,
                2059
            ]
        ]
    }
}